Time,Degrees,Fahrenheit
8:34 AM, 30.44 C  ,86.79 F
8:34 AM, 30.44 C  ,86.79 F
8:34 AM, 30.44 C  ,86.79 F
8:34 AM, 30.44 C  ,86.79 F
8:34 AM, -127.00 C,  -196.60 F
8:34 AM, 30.37 C  ,86.68 F
8:34 AM, 30.37 C  ,86.68 F
8:34 AM, 30.37 C  ,86.68 F
8:34 AM, 30.37 C  ,86.68 F
8:34 AM, 30.37 C  ,86.68 F
8:34 AM, 30.37 C  ,86.68 F
8:34 AM, -127.00 C,  -196.60 F
8:34 AM, 30.37 C  ,86.68 F
8:34 AM, 30.37 C  ,86.68 F
8:34 AM, 30.44 C  ,86.79 F
8:34 AM, 30.37 C  ,86.68 F
8:34 AM, 30.37 C  ,86.68 F
8:34 AM, 30.37 C  ,86.68 F
8:34 AM, -127.00 C,  -196.60 F
8:34 AM, 30.37 C  ,86.68 F
8:34 AM, 30.37 C  ,86.68 F
8:34 AM, 30.37 C  ,86.68 F
8:34 AM, 30.37 C  ,86.68 F
8:34 AM, 30.44 C  ,86.79 F
8:34 AM, -127.00 C,  -196.60 F
8:34 AM, 30.37 C  ,86.68 F
8:34 AM, -127.00 C,  -196.60 F
8:34 AM, 30.44 C  ,86.79 F
8:34 AM, 30.44 C  ,86.79 F
8:34 AM, 30.37 C  ,86.68 F
8:34 AM, -127.00 C,  -196.60 F
8:34 AM, 30.37 C  ,86.68 F
8:34 AM, 30.37 C  ,86.68 F
8:34 AM, 30.37 C  ,86.68 F
8:34 AM, 30.37 C  ,86.68 F
8:34 AM, 30.50 C  ,86.90 F
8:34 AM, 30.69 C  ,87.24 F
8:34 AM, 30.87 C  ,87.57 F
8:34 AM, 31.12 C  ,88.02 F
8:34 AM, 31.25 C  ,88.25 F
8:34 AM, 31.50 C  ,88.70 F
8:34 AM, 31.62 C  ,88.93 F
8:34 AM, 31.75 C  ,89.15 F
8:34 AM, 31.94 C  ,89.49 F
8:34 AM, 32.00 C  ,89.60 F
8:34 AM, 32.13 C  ,89.82 F
8:34 AM, 32.25 C  ,90.05 F
8:34 AM, 32.31 C  ,90.16 F
8:34 AM, 32.31 C  ,90.16 F
8:34 AM, 32.31 C  ,90.16 F
8:34 AM, 32.31 C  ,90.16 F
8:34 AM, 32.38 C  ,90.27 F
8:34 AM, 32.56 C  ,90.61 F
8:34 AM, 32.81 C  ,91.06 F
8:34 AM, 32.88 C  ,91.18 F
8:34 AM, 33.00 C  ,91.40 F
8:34 AM, 33.25 C  ,91.85 F
8:34 AM, 33.56 C  ,92.41 F
8:34 AM, 33.75 C  ,92.75 F
8:35 AM, 33.94 C  ,93.09 F
8:35 AM, 34.06 C  ,93.31 F
8:35 AM, 34.13 C  ,93.43 F
8:35 AM, 34.25 C  ,93.65 F
8:35 AM, 34.25 C  ,93.65 F
8:35 AM, 34.25 C  ,93.65 F
8:35 AM, 34.19 C  ,93.54 F
8:35 AM, 33.94 C  ,93.09 F
8:35 AM, 33.75 C  ,92.75 F
8:35 AM, 33.44 C  ,92.19 F
8:35 AM, 33.25 C  ,91.85 F
8:35 AM, 33.00 C  ,91.40 F
8:35 AM, 32.81 C  ,91.06 F
8:35 AM, 32.63 C  ,90.72 F
8:35 AM, 32.44 C  ,90.39 F
8:35 AM, 32.31 C  ,90.16 F
8:35 AM, 32.19 C  ,89.94 F
8:35 AM, 32.00 C  ,89.60 F
8:35 AM, 31.87 C  ,89.37 F
8:35 AM, 31.75 C  ,89.15 F
8:35 AM, -127.00 C,  -196.60 F
8:35 AM, 31.62 C  ,88.93 F
8:35 AM, 31.50 C  ,88.70 F
8:35 AM, 31.37 C  ,88.47 F
8:35 AM, 31.31 C  ,88.36 F
8:35 AM, -127.00 C,  -196.60 F
8:35 AM, 31.19 C  ,88.14 F
8:35 AM, 31.12 C  ,88.02 F
8:35 AM, 31.06 C  ,87.91 F
8:35 AM, -127.00 C,  -196.60 F
8:35 AM, -127.00 C,  -196.60 F
8:35 AM, 30.87 C  ,87.57 F
8:35 AM, 30.81 C  ,87.46 F
8:35 AM, 30.69 C  ,87.24 F
8:35 AM, 30.69 C  ,87.24 F
8:35 AM, 30.69 C  ,87.24 F
8:35 AM, -127.00 C,  -196.60 F
8:35 AM, 30.56 C  ,87.01 F
8:35 AM, 30.50 C  ,86.90 F
8:35 AM, 30.50 C  ,86.90 F
8:35 AM, 30.44 C  ,86.79 F
8:35 AM, 30.44 C  ,86.79 F
8:35 AM, 30.37 C  ,86.68 F
8:35 AM, 30.37 C  ,86.68 F
8:35 AM, 30.31 C  ,86.56 F
8:35 AM, 30.25 C  ,86.45 F
8:35 AM, 30.25 C  ,86.45 F
8:35 AM, 30.25 C  ,86.45 F
8:35 AM, 30.19 C  ,86.34 F
8:35 AM, -127.00 C,  -196.60 F
8:35 AM, 30.12 C  ,86.22 F
8:35 AM, 30.12 C  ,86.22 F
8:35 AM, 30.12 C  ,86.22 F
8:35 AM, 30.06 C  ,86.11 F
8:35 AM, 30.06 C  ,86.11 F
8:35 AM, 30.06 C  ,86.11 F
8:35 AM, -127.00 C,  -196.60 F
8:35 AM, -127.00 C,  -196.60 F
8:35 AM, 30.06 C  ,86.11 F
8:35 AM, 30.06 C  ,86.11 F
8:36 AM, 30.06 C  ,86.11 F
8:36 AM, 30.12 C  ,86.22 F
8:36 AM, -127.00 C,  -196.60 F
8:36 AM, 30.06 C  ,86.11 F
8:36 AM, 30.06 C  ,86.11 F
8:36 AM, 30.06 C  ,86.11 F
8:36 AM, 30.06 C  ,86.11 F
8:36 AM, 30.06 C  ,86.11 F
8:36 AM, 30.06 C  ,86.11 F
8:36 AM, 30.06 C  ,86.11 F
8:36 AM, 30.06 C  ,86.11 F
8:36 AM, 30.06 C  ,86.11 F
8:36 AM, 30.06 C  ,86.11 F
8:36 AM, 30.06 C  ,86.11 F
8:36 AM, 30.06 C  ,86.11 F
8:36 AM, 30.00 C  ,86.00 F
8:36 AM, 30.06 C  ,86.11 F
8:36 AM, 30.06 C  ,86.11 F
8:36 AM, 30.00 C  ,86.00 F
8:36 AM, 30.00 C  ,86.00 F
8:36 AM, -127.00 C,  -196.60 F
8:36 AM, 30.06 C  ,86.11 F
8:36 AM, 30.06 C  ,86.11 F
8:36 AM, 30.06 C  ,86.11 F
8:36 AM, 30.06 C  ,86.11 F
8:36 AM, 30.00 C  ,86.00 F
8:36 AM, 30.00 C  ,86.00 F
8:36 AM, 30.06 C  ,86.11 F
8:36 AM, 30.00 C  ,86.00 F
8:36 AM, 30.06 C  ,86.11 F
8:36 AM, 30.00 C  ,86.00 F
8:36 AM, 30.00 C  ,86.00 F
8:36 AM, -127.00 C,  -196.60 F
8:36 AM, 30.00 C  ,86.00 F
8:36 AM, 30.00 C  ,86.00 F
8:36 AM, 30.00 C  ,86.00 F
8:36 AM, 30.00 C  ,86.00 F
8:36 AM, 29.94 C  ,85.89 F
8:36 AM, 30.00 C  ,86.00 F
8:36 AM, 30.00 C  ,86.00 F
8:36 AM, -127.00 C,  -196.60 F
8:36 AM, 29.94 C  ,85.89 F
8:36 AM, 29.94 C  ,85.89 F
8:36 AM, 30.00 C  ,86.00 F
8:36 AM, 30.00 C  ,86.00 F
8:36 AM, 30.00 C  ,86.00 F
8:36 AM, 29.94 C  ,85.89 F
8:36 AM, 29.94 C  ,85.89 F
8:36 AM, 30.00 C  ,86.00 F
8:36 AM, 30.00 C  ,86.00 F
8:36 AM, -127.00 C,  -196.60 F
8:36 AM, 29.94 C  ,85.89 F
8:36 AM, -127.00 C,  -196.60 F
8:36 AM, 29.94 C  ,85.89 F
8:36 AM, 30.00 C  ,86.00 F
8:36 AM, 29.94 C  ,85.89 F
8:36 AM, 29.94 C  ,85.89 F
8:36 AM, 30.00 C  ,86.00 F
8:36 AM, 29.94 C  ,85.89 F
8:36 AM, -127.00 C,  -196.60 F
8:37 AM, 29.94 C  ,85.89 F
8:37 AM, 29.94 C  ,85.89 F
8:37 AM, 30.12 C  ,86.22 F
8:37 AM, 30.25 C  ,86.45 F
8:37 AM, 30.31 C  ,86.56 F
8:37 AM, 30.44 C  ,86.79 F
8:37 AM, 30.56 C  ,87.01 F
8:37 AM, -127.00 C,  -196.60 F
8:37 AM, 30.62 C  ,87.12 F
8:37 AM, 30.75 C  ,87.35 F
8:37 AM, 30.81 C  ,87.46 F
8:37 AM, 30.87 C  ,87.57 F
8:37 AM, 30.94 C  ,87.69 F
8:37 AM, 30.94 C  ,87.69 F
8:37 AM, 31.00 C  ,87.80 F
8:37 AM, 31.06 C  ,87.91 F
8:37 AM, 31.12 C  ,88.02 F
8:37 AM, 31.12 C  ,88.02 F
8:37 AM, 31.25 C  ,88.25 F
8:37 AM, -127.00 C,  -196.60 F
8:37 AM, 31.31 C  ,88.36 F
8:37 AM, 31.25 C  ,88.25 F
8:37 AM, 31.31 C  ,88.36 F
8:37 AM, 31.37 C  ,88.47 F
8:37 AM, 31.37 C  ,88.47 F
8:37 AM, 31.37 C  ,88.47 F
8:37 AM, 31.44 C  ,88.59 F
8:37 AM, 31.44 C  ,88.59 F
8:37 AM, -127.00 C,  -196.60 F
8:37 AM, 31.50 C  ,88.70 F
8:37 AM, 31.50 C  ,88.70 F
8:37 AM, 31.56 C  ,88.81 F
8:37 AM, 31.56 C  ,88.81 F
8:37 AM, 31.56 C  ,88.81 F
8:37 AM, 31.56 C  ,88.81 F
8:37 AM, 31.62 C  ,88.93 F
8:37 AM, -127.00 C,  -196.60 F
8:37 AM, 31.62 C  ,88.93 F
8:37 AM, 31.69 C  ,89.04 F
8:37 AM, 31.62 C  ,88.93 F
8:37 AM, 31.69 C  ,89.04 F
8:37 AM, 31.69 C  ,89.04 F
8:37 AM, 31.62 C  ,88.93 F
8:37 AM, 31.75 C  ,89.15 F
8:37 AM, 31.69 C  ,89.04 F
8:37 AM, 31.75 C  ,89.15 F
8:37 AM, 31.75 C  ,89.15 F
8:37 AM, 31.75 C  ,89.15 F
8:37 AM, 31.75 C  ,89.15 F
8:37 AM, -127.00 C,  -196.60 F
8:37 AM, -127.00 C,  -196.60 F
8:37 AM, -127.00 C,  -196.60 F
8:37 AM, 31.81 C  ,89.26 F
8:37 AM, 31.81 C  ,89.26 F
8:37 AM, 31.81 C  ,89.26 F
8:37 AM, 31.81 C  ,89.26 F
8:37 AM, 31.81 C  ,89.26 F
8:37 AM, 31.81 C  ,89.26 F
8:37 AM, 31.81 C  ,89.26 F
8:37 AM, 31.81 C  ,89.26 F
8:38 AM, 31.81 C  ,89.26 F
8:38 AM, -127.00 C,  -196.60 F
8:38 AM, 31.81 C  ,89.26 F
8:38 AM, 31.81 C  ,89.26 F
8:38 AM, 31.81 C  ,89.26 F
8:38 AM, -127.00 C,  -196.60 F
8:38 AM, 31.87 C  ,89.37 F
8:38 AM, -127.00 C,  -196.60 F
8:38 AM, 31.87 C  ,89.37 F
8:38 AM, 31.87 C  ,89.37 F
8:38 AM, 31.87 C  ,89.37 F
8:38 AM, -127.00 C,  -196.60 F
8:38 AM, -127.00 C,  -196.60 F
8:38 AM, 31.87 C  ,89.37 F
8:38 AM, 31.87 C  ,89.37 F
8:38 AM, 31.87 C  ,89.37 F
8:38 AM, 31.87 C  ,89.37 F
8:38 AM, -127.00 C,  -196.60 F
8:38 AM, 31.87 C  ,89.37 F
8:38 AM, 31.81 C  ,89.26 F
8:38 AM, 31.87 C  ,89.37 F
8:38 AM, 31.81 C  ,89.26 F
8:38 AM, 31.87 C  ,89.37 F
8:38 AM, 31.87 C  ,89.37 F
8:38 AM, 31.87 C  ,89.37 F
8:38 AM, 31.87 C  ,89.37 F
8:38 AM, 31.87 C  ,89.37 F
8:38 AM, 31.87 C  ,89.37 F
8:38 AM, 31.94 C  ,89.49 F
8:38 AM, 31.94 C  ,89.49 F
8:38 AM, 31.94 C  ,89.49 F
8:38 AM, 31.94 C  ,89.49 F
8:38 AM, 31.94 C  ,89.49 F
8:38 AM, 31.94 C  ,89.49 F
8:38 AM, 31.94 C  ,89.49 F
8:38 AM, 31.94 C  ,89.49 F
8:38 AM, 31.87 C  ,89.37 F
8:38 AM, 31.94 C  ,89.49 F
8:38 AM, 31.94 C  ,89.49 F
8:38 AM, 31.94 C  ,89.49 F
8:38 AM, 31.94 C  ,89.49 F
8:38 AM, 31.94 C  ,89.49 F
8:38 AM, 31.94 C  ,89.49 F
8:38 AM, 31.94 C  ,89.49 F
8:38 AM, 31.87 C  ,89.37 F
8:38 AM, 31.94 C  ,89.49 F
8:38 AM, 31.94 C  ,89.49 F
8:38 AM, 31.94 C  ,89.49 F
8:38 AM, 31.87 C  ,89.37 F
8:38 AM, -127.00 C,  -196.60 F
8:38 AM, 31.87 C  ,89.37 F
8:38 AM, 31.94 C  ,89.49 F
8:38 AM, 31.94 C  ,89.49 F
8:38 AM, 31.94 C  ,89.49 F
8:38 AM, 31.94 C  ,89.49 F
8:38 AM, 31.94 C  ,89.49 F
8:38 AM, 31.94 C  ,89.49 F
8:38 AM, 31.94 C  ,89.49 F
8:38 AM, 31.94 C  ,89.49 F
8:38 AM, 31.94 C  ,89.49 F
8:39 AM, 31.94 C  ,89.49 F
8:39 AM, 31.94 C  ,89.49 F
8:39 AM, 31.94 C  ,89.49 F
8:39 AM, 31.87 C  ,89.37 F
8:39 AM, 31.87 C  ,89.37 F
8:39 AM, 31.87 C  ,89.37 F
8:39 AM, 31.87 C  ,89.37 F
8:39 AM, 31.87 C  ,89.37 F
8:39 AM, -127.00 C,  -196.60 F
8:39 AM, 31.87 C  ,89.37 F
8:39 AM, -127.00 C,  -196.60 F
8:39 AM, 31.94 C  ,89.49 F
8:39 AM, 31.87 C  ,89.37 F
8:39 AM, 31.87 C  ,89.37 F
8:39 AM, 31.87 C  ,89.37 F
8:39 AM, 31.87 C  ,89.37 F
8:39 AM, 31.87 C  ,89.37 F
8:39 AM, 31.87 C  ,89.37 F
8:39 AM, -127.00 C,  -196.60 F
8:39 AM, 31.87 C  ,89.37 F
8:39 AM, 31.87 C  ,89.37 F
8:39 AM, 31.87 C  ,89.37 F
8:39 AM, 31.87 C  ,89.37 F
8:39 AM, 31.87 C  ,89.37 F
8:39 AM, 31.87 C  ,89.37 F
8:39 AM, 31.87 C  ,89.37 F
8:39 AM, 31.87 C  ,89.37 F
8:39 AM, 31.87 C  ,89.37 F
8:39 AM, 31.87 C  ,89.37 F
8:39 AM, 31.87 C  ,89.37 F
8:39 AM, 31.87 C  ,89.37 F
8:39 AM, 31.81 C  ,89.26 F
8:39 AM, 31.87 C  ,89.37 F
8:39 AM, 31.87 C  ,89.37 F
8:39 AM, 31.87 C  ,89.37 F
8:39 AM, 31.81 C  ,89.26 F
8:39 AM, 31.81 C  ,89.26 F
8:39 AM, 31.75 C  ,89.15 F
8:39 AM, 31.75 C  ,89.15 F
8:39 AM, 31.69 C  ,89.04 F
8:39 AM, 31.69 C  ,89.04 F
8:39 AM, 31.69 C  ,89.04 F
8:39 AM, 31.75 C  ,89.15 F
8:39 AM, 31.75 C  ,89.15 F
8:39 AM, 31.75 C  ,89.15 F
8:39 AM, 31.81 C  ,89.26 F
8:39 AM, -127.00 C,  -196.60 F
8:39 AM, 31.87 C  ,89.37 F
8:39 AM, 31.94 C  ,89.49 F
8:39 AM, 32.00 C  ,89.60 F
8:39 AM, 32.06 C  ,89.71 F
8:39 AM, 32.06 C  ,89.71 F
8:39 AM, 32.19 C  ,89.94 F
8:39 AM, 32.31 C  ,90.16 F
8:39 AM, 32.31 C  ,90.16 F
8:39 AM, 32.44 C  ,90.39 F
8:39 AM, 32.50 C  ,90.50 F
8:39 AM, 32.56 C  ,90.61 F
8:39 AM, 32.63 C  ,90.72 F
8:39 AM, 32.69 C  ,90.84 F
8:40 AM, 32.75 C  ,90.95 F
8:40 AM, 32.88 C  ,91.18 F
8:40 AM, 32.88 C  ,91.18 F
8:40 AM, 32.94 C  ,91.29 F
8:40 AM, 33.00 C  ,91.40 F
8:40 AM, 33.06 C  ,91.51 F
8:40 AM, 33.13 C  ,91.62 F
8:40 AM, 33.19 C  ,91.74 F
8:40 AM, 33.25 C  ,91.85 F
8:40 AM, -127.00 C,  -196.60 F
8:40 AM, 33.31 C  ,91.96 F
8:40 AM, 33.38 C  ,92.07 F
8:40 AM, 33.44 C  ,92.19 F
8:40 AM, 33.50 C  ,92.30 F
8:40 AM, 33.50 C  ,92.30 F
8:40 AM, 33.50 C  ,92.30 F
8:40 AM, 33.56 C  ,92.41 F
8:40 AM, 33.63 C  ,92.52 F
8:40 AM, 33.63 C  ,92.52 F
8:40 AM, 33.69 C  ,92.64 F
8:40 AM, 33.75 C  ,92.75 F
8:40 AM, 33.81 C  ,92.86 F
8:40 AM, 33.81 C  ,92.86 F
8:40 AM, 33.81 C  ,92.86 F
8:40 AM, 33.88 C  ,92.97 F
8:40 AM, 33.94 C  ,93.09 F
8:40 AM, 33.94 C  ,93.09 F
8:40 AM, 34.00 C  ,93.20 F
8:40 AM, 34.00 C  ,93.20 F
8:40 AM, 34.00 C  ,93.20 F
8:40 AM, 34.06 C  ,93.31 F
8:40 AM, 34.06 C  ,93.31 F
8:40 AM, 34.13 C  ,93.43 F
8:40 AM, 34.19 C  ,93.54 F
8:40 AM, 34.19 C  ,93.54 F
8:40 AM, 34.19 C  ,93.54 F
8:40 AM, 34.25 C  ,93.65 F
8:40 AM, 34.25 C  ,93.65 F
8:40 AM, 34.25 C  ,93.65 F
8:40 AM, 34.31 C  ,93.76 F
8:40 AM, 34.31 C  ,93.76 F
8:40 AM, 34.31 C  ,93.76 F
8:40 AM, 34.38 C  ,93.87 F
8:40 AM, 34.38 C  ,93.87 F
8:40 AM, 34.38 C  ,93.87 F
8:40 AM, 34.38 C  ,93.87 F
8:40 AM, 34.38 C  ,93.87 F
8:40 AM, 34.44 C  ,93.99 F
8:40 AM, 34.44 C  ,93.99 F
8:40 AM, 34.44 C  ,93.99 F
8:40 AM, 34.50 C  ,94.10 F
8:40 AM, 34.50 C  ,94.10 F
8:40 AM, 34.50 C  ,94.10 F
8:40 AM, 34.50 C  ,94.10 F
8:40 AM, 34.50 C  ,94.10 F
8:40 AM, 34.50 C  ,94.10 F
8:40 AM, 34.56 C  ,94.21 F
8:40 AM, 34.50 C  ,94.10 F
8:40 AM, 34.63 C  ,94.32 F
8:40 AM, 34.63 C  ,94.32 F
8:41 AM, 34.63 C  ,94.32 F
8:41 AM, 34.63 C  ,94.32 F
8:41 AM, 34.63 C  ,94.32 F
8:41 AM, -127.00 C,  -196.60 F
8:41 AM, 34.69 C  ,94.44 F
8:41 AM, 34.69 C  ,94.44 F
8:41 AM, 34.69 C  ,94.44 F
8:41 AM, -127.00 C,  -196.60 F
8:41 AM, 34.75 C  ,94.55 F
8:41 AM, 34.75 C  ,94.55 F
8:41 AM, 34.75 C  ,94.55 F
8:41 AM, 34.75 C  ,94.55 F
8:41 AM, 34.75 C  ,94.55 F
8:41 AM, 34.81 C  ,94.66 F
8:41 AM, 34.75 C  ,94.55 F
8:41 AM, 34.81 C  ,94.66 F
8:41 AM, 34.75 C  ,94.55 F
8:41 AM, 34.81 C  ,94.66 F
8:41 AM, 34.81 C  ,94.66 F
8:41 AM, 34.88 C  ,94.77 F
8:41 AM, 34.88 C  ,94.77 F
8:41 AM, 34.88 C  ,94.77 F
8:41 AM, 34.88 C  ,94.77 F
8:41 AM, 34.81 C  ,94.66 F
8:41 AM, 34.88 C  ,94.77 F
8:41 AM, 34.88 C  ,94.77 F
8:41 AM, 34.88 C  ,94.77 F
8:41 AM, 34.88 C  ,94.77 F
8:41 AM, 34.88 C  ,94.77 F
8:41 AM, 34.88 C  ,94.77 F
8:41 AM, 34.88 C  ,94.77 F
8:41 AM, 34.88 C  ,94.77 F
8:41 AM, 34.88 C  ,94.77 F
8:41 AM, 34.88 C  ,94.77 F
8:41 AM, -127.00 C,  -196.60 F
8:41 AM, 34.94 C  ,94.89 F
8:41 AM, 34.94 C  ,94.89 F
8:41 AM, 34.94 C  ,94.89 F
8:41 AM, 34.94 C  ,94.89 F
8:41 AM, 34.94 C  ,94.89 F
8:41 AM, 34.94 C  ,94.89 F
8:41 AM, 34.94 C  ,94.89 F
8:41 AM, 34.94 C  ,94.89 F
8:41 AM, 34.94 C  ,94.89 F
8:41 AM, 34.94 C  ,94.89 F
8:41 AM, 35.00 C  ,95.00 F
8:41 AM, 35.00 C  ,95.00 F
8:41 AM, 34.94 C  ,94.89 F
8:41 AM, 34.94 C  ,94.89 F
8:41 AM, 35.00 C  ,95.00 F
8:41 AM, 35.00 C  ,95.00 F
8:41 AM, 35.00 C  ,95.00 F
8:41 AM, 35.00 C  ,95.00 F
8:41 AM, 35.06 C  ,95.11 F
8:41 AM, 35.00 C  ,95.00 F
8:41 AM, 35.06 C  ,95.11 F
8:41 AM, 35.06 C  ,95.11 F
8:41 AM, 35.00 C  ,95.00 F
8:41 AM, 35.06 C  ,95.11 F
8:41 AM, 35.00 C  ,95.00 F
8:42 AM, 35.00 C  ,95.00 F
8:42 AM, 35.00 C  ,95.00 F
8:42 AM, 35.00 C  ,95.00 F
8:42 AM, 35.00 C  ,95.00 F
8:42 AM, 35.00 C  ,95.00 F
8:42 AM, 35.06 C  ,95.11 F
8:42 AM, 35.06 C  ,95.11 F
8:42 AM, 35.06 C  ,95.11 F
8:42 AM, 35.06 C  ,95.11 F
8:42 AM, 35.06 C  ,95.11 F
8:42 AM, 35.06 C  ,95.11 F
8:42 AM, 35.06 C  ,95.11 F
8:42 AM, 35.06 C  ,95.11 F
8:42 AM, 35.13 C  ,95.22 F
8:42 AM, 35.06 C  ,95.11 F
8:42 AM, 35.06 C  ,95.11 F
8:42 AM, 35.06 C  ,95.11 F
8:42 AM, 35.06 C  ,95.11 F
8:42 AM, -127.00 C,  -196.60 F
8:42 AM, 35.06 C  ,95.11 F
8:42 AM, 35.06 C  ,95.11 F
8:42 AM, 35.06 C  ,95.11 F
8:42 AM, 35.06 C  ,95.11 F
8:42 AM, 35.06 C  ,95.11 F
8:42 AM, 35.13 C  ,95.22 F
8:42 AM, 35.13 C  ,95.22 F
8:42 AM, 35.13 C  ,95.22 F
8:42 AM, 35.06 C  ,95.11 F
8:42 AM, -127.00 C,  -196.60 F
8:42 AM, 35.06 C  ,95.11 F
8:42 AM, 35.13 C  ,95.22 F
8:42 AM, 35.13 C  ,95.22 F
8:42 AM, 35.13 C  ,95.22 F
8:42 AM, 35.13 C  ,95.22 F
8:42 AM, 35.13 C  ,95.22 F
8:42 AM, 35.13 C  ,95.22 F
8:42 AM, 35.13 C  ,95.22 F
8:42 AM, -127.00 C,  -196.60 F
8:42 AM, 35.13 C  ,95.22 F
8:42 AM, 35.13 C  ,95.22 F
8:42 AM, 35.13 C  ,95.22 F
8:42 AM, 35.13 C  ,95.22 F
8:42 AM, 35.13 C  ,95.22 F
8:42 AM, 35.13 C  ,95.22 F
8:42 AM, 35.19 C  ,95.34 F
8:42 AM, 35.19 C  ,95.34 F
8:42 AM, -127.00 C,  -196.60 F
8:42 AM, 35.13 C  ,95.22 F
8:42 AM, 35.13 C  ,95.22 F
8:42 AM, 35.13 C  ,95.22 F
8:42 AM, -127.00 C,  -196.60 F
8:42 AM, 35.19 C  ,95.34 F
8:42 AM, 35.19 C  ,95.34 F
8:42 AM, 35.19 C  ,95.34 F
8:42 AM, 35.19 C  ,95.34 F
8:42 AM, 35.13 C  ,95.22 F
8:42 AM, 35.13 C  ,95.22 F
8:42 AM, 35.13 C  ,95.22 F
8:42 AM, 35.13 C  ,95.22 F
8:42 AM, 35.19 C  ,95.34 F
8:43 AM, 35.19 C  ,95.34 F
8:43 AM, 35.19 C  ,95.34 F
8:43 AM, 35.13 C  ,95.22 F
8:43 AM, 35.13 C  ,95.22 F
8:43 AM, 35.13 C  ,95.22 F
8:43 AM, 35.13 C  ,95.22 F
8:43 AM, 35.13 C  ,95.22 F
8:43 AM, 35.19 C  ,95.34 F
8:43 AM, 35.13 C  ,95.22 F
8:43 AM, 35.13 C  ,95.22 F
8:43 AM, 35.13 C  ,95.22 F
8:43 AM, 35.13 C  ,95.22 F
8:43 AM, 35.13 C  ,95.22 F
8:43 AM, 35.13 C  ,95.22 F
8:43 AM, 35.13 C  ,95.22 F
8:43 AM, 35.13 C  ,95.22 F
8:43 AM, 35.13 C  ,95.22 F
8:43 AM, 35.13 C  ,95.22 F
8:43 AM, 35.13 C  ,95.22 F
8:43 AM, 35.13 C  ,95.22 F
8:43 AM, 35.19 C  ,95.34 F
8:43 AM, 35.13 C  ,95.22 F
8:43 AM, 35.19 C  ,95.34 F
8:43 AM, 35.19 C  ,95.34 F
8:43 AM, 35.19 C  ,95.34 F
8:43 AM, 35.19 C  ,95.34 F
8:43 AM, 35.13 C  ,95.22 F
8:43 AM, 35.19 C  ,95.34 F
8:43 AM, 35.19 C  ,95.34 F
8:43 AM, 35.19 C  ,95.34 F
8:43 AM, 35.19 C  ,95.34 F
8:43 AM, 35.19 C  ,95.34 F
8:43 AM, 35.25 C  ,95.45 F
8:43 AM, 35.19 C  ,95.34 F
8:43 AM, 35.25 C  ,95.45 F
8:43 AM, 35.19 C  ,95.34 F
8:43 AM, 35.19 C  ,95.34 F
8:43 AM, 35.19 C  ,95.34 F
8:43 AM, 35.25 C  ,95.45 F
8:43 AM, 35.25 C  ,95.45 F
8:43 AM, 35.19 C  ,95.34 F
8:43 AM, 35.25 C  ,95.45 F
8:43 AM, 35.25 C  ,95.45 F
8:43 AM, 35.25 C  ,95.45 F
8:43 AM, 35.19 C  ,95.34 F
8:43 AM, 35.25 C  ,95.45 F
8:43 AM, 35.25 C  ,95.45 F
8:43 AM, 35.25 C  ,95.45 F
8:43 AM, -127.00 C,  -196.60 F
8:43 AM, 35.25 C  ,95.45 F
8:43 AM, 35.25 C  ,95.45 F
8:43 AM, 35.25 C  ,95.45 F
8:43 AM, 35.25 C  ,95.45 F
8:43 AM, 35.31 C  ,95.56 F
8:43 AM, 35.25 C  ,95.45 F
8:43 AM, 35.25 C  ,95.45 F
8:43 AM, 35.31 C  ,95.56 F
8:43 AM, 35.25 C  ,95.45 F
8:43 AM, 35.25 C  ,95.45 F
8:43 AM, 35.25 C  ,95.45 F
8:44 AM, 35.25 C  ,95.45 F
8:44 AM, 35.25 C  ,95.45 F
8:44 AM, 35.31 C  ,95.56 F
8:44 AM, 35.31 C  ,95.56 F
8:44 AM, 35.31 C  ,95.56 F
8:44 AM, 35.31 C  ,95.56 F
8:44 AM, 35.31 C  ,95.56 F
8:44 AM, 35.31 C  ,95.56 F
8:44 AM, 35.31 C  ,95.56 F
8:44 AM, 35.31 C  ,95.56 F
8:44 AM, 35.25 C  ,95.45 F
8:44 AM, 35.31 C  ,95.56 F
8:44 AM, 35.31 C  ,95.56 F
8:44 AM, 35.31 C  ,95.56 F
8:44 AM, 35.31 C  ,95.56 F
8:44 AM, 35.31 C  ,95.56 F
8:44 AM, 35.31 C  ,95.56 F
8:44 AM, 35.31 C  ,95.56 F
8:44 AM, 35.31 C  ,95.56 F
8:44 AM, 35.25 C  ,95.45 F
8:44 AM, 35.31 C  ,95.56 F
8:44 AM, 35.31 C  ,95.56 F
8:44 AM, 35.31 C  ,95.56 F
8:44 AM, 35.31 C  ,95.56 F
8:44 AM, 35.31 C  ,95.56 F
8:44 AM, 35.31 C  ,95.56 F
8:44 AM, 35.25 C  ,95.45 F
8:44 AM, 35.31 C  ,95.56 F
8:44 AM, 35.31 C  ,95.56 F
8:44 AM, 35.31 C  ,95.56 F
8:44 AM, 35.31 C  ,95.56 F
8:44 AM, 35.31 C  ,95.56 F
8:44 AM, 35.31 C  ,95.56 F
8:44 AM, 35.31 C  ,95.56 F
8:44 AM, 35.31 C  ,95.56 F
8:44 AM, 35.25 C  ,95.45 F
8:44 AM, 35.31 C  ,95.56 F
8:44 AM, 35.31 C  ,95.56 F
8:44 AM, 35.31 C  ,95.56 F
8:44 AM, 35.31 C  ,95.56 F
8:44 AM, 35.31 C  ,95.56 F
8:44 AM, 35.31 C  ,95.56 F
8:44 AM, 35.31 C  ,95.56 F
8:44 AM, 35.38 C  ,95.68 F
8:44 AM, 35.38 C  ,95.68 F
8:44 AM, 35.31 C  ,95.56 F
8:44 AM, 35.31 C  ,95.56 F
8:44 AM, 35.31 C  ,95.56 F
8:44 AM, 35.31 C  ,95.56 F
8:44 AM, 35.25 C  ,95.45 F
8:44 AM, 35.31 C  ,95.56 F
8:44 AM, 35.31 C  ,95.56 F
8:44 AM, 35.25 C  ,95.45 F
8:44 AM, 35.31 C  ,95.56 F
8:44 AM, 35.31 C  ,95.56 F
8:44 AM, 35.31 C  ,95.56 F
8:44 AM, 35.31 C  ,95.56 F
8:44 AM, 35.31 C  ,95.56 F
8:44 AM, 35.31 C  ,95.56 F
8:44 AM, 35.31 C  ,95.56 F
8:45 AM, 35.31 C  ,95.56 F
8:45 AM, 35.31 C  ,95.56 F
8:45 AM, 35.31 C  ,95.56 F
8:45 AM, 35.31 C  ,95.56 F
8:45 AM, 35.31 C  ,95.56 F
8:45 AM, 35.31 C  ,95.56 F
8:45 AM, 35.31 C  ,95.56 F
8:45 AM, 35.31 C  ,95.56 F
8:45 AM, 35.31 C  ,95.56 F
8:45 AM, 35.31 C  ,95.56 F
8:45 AM, 35.31 C  ,95.56 F
8:45 AM, 35.31 C  ,95.56 F
8:45 AM, 35.31 C  ,95.56 F
8:45 AM, 35.31 C  ,95.56 F
8:45 AM, 35.31 C  ,95.56 F
8:45 AM, 35.31 C  ,95.56 F
8:45 AM, 35.31 C  ,95.56 F
8:45 AM, 35.31 C  ,95.56 F
8:45 AM, 35.31 C  ,95.56 F
8:45 AM, 35.31 C  ,95.56 F
8:45 AM, 35.31 C  ,95.56 F
8:45 AM, -127.00 C,  -196.60 F
8:45 AM, 35.31 C  ,95.56 F
8:45 AM, 35.38 C  ,95.68 F
8:45 AM, 35.25 C  ,95.45 F
8:45 AM, 35.31 C  ,95.56 F
8:45 AM, 35.31 C  ,95.56 F
8:45 AM, 35.31 C  ,95.56 F
8:45 AM, 35.31 C  ,95.56 F
8:45 AM, 35.31 C  ,95.56 F
8:45 AM, 35.31 C  ,95.56 F
8:45 AM, 35.31 C  ,95.56 F
8:45 AM, 35.38 C  ,95.68 F
8:45 AM, 35.38 C  ,95.68 F
8:45 AM, 35.31 C  ,95.56 F
8:45 AM, -127.00 C,  -196.60 F
8:45 AM, 35.31 C  ,95.56 F
8:45 AM, 35.38 C  ,95.68 F
8:45 AM, 35.31 C  ,95.56 F
8:45 AM, 35.31 C  ,95.56 F
8:45 AM, 35.38 C  ,95.68 F
8:45 AM, 35.31 C  ,95.56 F
8:45 AM, 35.38 C  ,95.68 F
8:45 AM, 35.38 C  ,95.68 F
8:45 AM, 35.31 C  ,95.56 F
8:45 AM, 35.38 C  ,95.68 F
8:45 AM, 35.31 C  ,95.56 F
8:45 AM, 35.38 C  ,95.68 F
8:45 AM, 35.31 C  ,95.56 F
8:45 AM, 35.38 C  ,95.68 F
8:45 AM, 35.38 C  ,95.68 F
8:45 AM, 35.38 C  ,95.68 F
8:45 AM, 35.38 C  ,95.68 F
8:45 AM, 35.38 C  ,95.68 F
8:45 AM, 35.38 C  ,95.68 F
8:45 AM, 35.38 C  ,95.68 F
8:45 AM, 35.38 C  ,95.68 F
8:45 AM, 35.38 C  ,95.68 F
8:45 AM, 35.38 C  ,95.68 F
8:45 AM, 35.38 C  ,95.68 F
8:46 AM, 35.38 C  ,95.68 F
8:46 AM, 35.38 C  ,95.68 F
8:46 AM, 35.38 C  ,95.68 F
8:46 AM, 35.38 C  ,95.68 F
8:46 AM, 35.38 C  ,95.68 F
8:46 AM, 35.44 C  ,95.79 F
8:46 AM, 35.38 C  ,95.68 F
8:46 AM, 35.38 C  ,95.68 F
8:46 AM, -127.00 C,  -196.60 F
8:46 AM, 35.38 C  ,95.68 F
8:46 AM, 35.38 C  ,95.68 F
8:46 AM, 35.38 C  ,95.68 F
8:46 AM, 35.38 C  ,95.68 F
8:46 AM, 35.38 C  ,95.68 F
8:46 AM, 35.38 C  ,95.68 F
8:46 AM, 35.38 C  ,95.68 F
8:46 AM, 35.38 C  ,95.68 F
8:46 AM, 35.38 C  ,95.68 F
8:46 AM, -127.00 C,  -196.60 F
8:46 AM, 35.38 C  ,95.68 F
8:46 AM, 35.44 C  ,95.79 F
8:46 AM, 35.38 C  ,95.68 F
8:46 AM, 35.38 C  ,95.68 F
8:46 AM, 35.50 C  ,95.90 F
8:46 AM, 35.38 C  ,95.68 F
8:46 AM, 35.44 C  ,95.79 F
8:46 AM, 35.38 C  ,95.68 F
8:46 AM, 35.44 C  ,95.79 F
8:46 AM, 35.38 C  ,95.68 F
8:46 AM, -127.00 C,  -196.60 F
8:46 AM, 35.38 C  ,95.68 F
8:46 AM, 35.44 C  ,95.79 F
8:46 AM, 35.38 C  ,95.68 F
8:46 AM, 35.38 C  ,95.68 F
8:46 AM, 35.38 C  ,95.68 F
8:46 AM, 35.38 C  ,95.68 F
8:46 AM, 35.38 C  ,95.68 F
8:46 AM, 35.38 C  ,95.68 F
8:46 AM, 35.38 C  ,95.68 F
8:46 AM, 35.38 C  ,95.68 F
8:46 AM, 35.44 C  ,95.79 F
8:46 AM, 35.38 C  ,95.68 F
8:46 AM, 35.44 C  ,95.79 F
8:46 AM, 35.44 C  ,95.79 F
8:46 AM, 35.44 C  ,95.79 F
8:46 AM, 35.44 C  ,95.79 F
8:46 AM, 35.44 C  ,95.79 F
8:46 AM, 35.44 C  ,95.79 F
8:46 AM, 35.44 C  ,95.79 F
8:46 AM, 35.44 C  ,95.79 F
8:46 AM, 35.44 C  ,95.79 F
8:46 AM, 35.44 C  ,95.79 F
8:46 AM, 35.44 C  ,95.79 F
8:46 AM, 35.44 C  ,95.79 F
8:46 AM, 35.44 C  ,95.79 F
8:46 AM, 35.44 C  ,95.79 F
8:46 AM, 35.44 C  ,95.79 F
8:46 AM, 35.44 C  ,95.79 F
8:46 AM, 35.44 C  ,95.79 F
8:46 AM, 35.44 C  ,95.79 F
8:47 AM, -127.00 C,  -196.60 F
8:47 AM, 35.44 C  ,95.79 F
8:47 AM, 35.44 C  ,95.79 F
8:47 AM, 35.44 C  ,95.79 F
8:47 AM, 35.44 C  ,95.79 F
8:47 AM, 35.44 C  ,95.79 F
8:47 AM, 35.44 C  ,95.79 F
8:47 AM, 35.44 C  ,95.79 F
8:47 AM, 35.44 C  ,95.79 F
8:47 AM, 35.44 C  ,95.79 F
8:47 AM, 35.44 C  ,95.79 F
8:47 AM, 35.50 C  ,95.90 F
8:47 AM, 35.44 C  ,95.79 F
8:47 AM, 35.44 C  ,95.79 F
8:47 AM, 35.44 C  ,95.79 F
8:47 AM, 35.44 C  ,95.79 F
8:47 AM, 35.44 C  ,95.79 F
8:47 AM, 35.44 C  ,95.79 F
8:47 AM, -127.00 C,  -196.60 F
8:47 AM, 35.44 C  ,95.79 F
8:47 AM, 35.38 C  ,95.68 F
8:47 AM, 35.31 C  ,95.56 F
8:47 AM, 35.31 C  ,95.56 F
